URL,Last crawled
https://bringback.pro/about,1970-01-01
https://bringback.pro/blog/comparing-diy-photo-restoration-against-professional-services-which-is-right-for-you,1970-01-01
https://bringback.pro/blog/free-vs-paid-old-photo-restoration-apps,1970-01-01
https://bringback.pro/blog/how-to-add-a-deceased-father-to-a-wedding-photo-online,1970-01-01
https://bringback.pro/blog/how-to-create-a-video-of-you-hugging-loved-ones,1970-01-01
https://bringback.pro/blog/how-to-digitize-35mm-slides-at-home-2026-guide,1970-01-01
https://bringback.pro/blog/how-to-restore-a-ripped-folded-or-torn-family-portrait-with-ai,1970-01-01
https://bringback.pro/blog/how-to-restore-and-colorize-faded-baby-photos-from-the-past,1970-01-01
https://bringback.pro/blog/old-photo-digital-restoration-guide-for-your-family-reunion,1970-01-01
https://bringback.pro/blog/the-restoration-algorithm-how-ai-actually-guesses-missing-torn-pieces,1970-01-01
https://bringback.pro/blog/why-your-free-photo-animator-ruins-micro-expressions-and-how-to-fix-it,1970-01-01
https://bringback.pro/compare/airbrush-alternative,1970-01-01
https://bringback.pro/compare/easeus-photo-restoration-alternative,1970-01-01
https://bringback.pro/compare/imagecolorizer-alternative,1970-01-01
https://bringback.pro/compare/kinpict-alternative,1970-01-01
https://bringback.pro/compare/myheritage-alternative,1970-01-01
https://bringback.pro/compare/photoglory-alternative,1970-01-01
https://bringback.pro/compare/phowd-alternative,1970-01-01
https://bringback.pro/compare/pixelbin-alternative,1970-01-01
https://bringback.pro/compare/pixreunion-alternative,1970-01-01
https://bringback.pro/compare/unblurimage-alternative,1970-01-01
https://bringback.pro/privacy,1970-01-01