Date,Not indexed,Indexed,Impressions
2026-04-20,64,90,2582
2026-04-21,63,91,2087
2026-04-22,63,91,2206
2026-04-23,63,91,2696
2026-04-24,63,91,2417
2026-04-25,74,80,2742
2026-04-26,74,80,2573
2026-04-27,74,80,2795
2026-04-28,77,77,2960
2026-04-29,77,77,3117
2026-04-30,77,77,3127
2026-05-01,77,77,2976
2026-05-02,80,73,2097
2026-05-03,80,73,2050
2026-05-04,80,73,2063
2026-05-05,84,69,2225
2026-05-06,84,69,1807
2026-05-07,84,69,2201
2026-05-08,84,69,1978
2026-05-09,84,69,2314
2026-05-10,84,69,2278
2026-05-11,84,69,1818
2026-05-12,85,68,2117
2026-05-13,85,68,2270
2026-05-14,85,68,2015
2026-05-15,85,68,1815
2026-05-16,82,71,1699
2026-05-17,82,71,1650
2026-05-18,82,71,1492
2026-05-19,82,72,1420
2026-05-20,82,72,1426
2026-05-21,82,72,1477
2026-05-22,82,72,1563
2026-05-23,83,71,1834
2026-05-24,83,71,1990
2026-05-25,83,71,2030
2026-05-26,84,69,2069
2026-05-27,84,69,2316
2026-05-28,84,69,2307
2026-05-29,84,69,2095
2026-05-30,95,57,2162
2026-05-31,95,57,2262
2026-06-01,95,57,2075
2026-06-02,101,51,2072
2026-06-03,101,51,1809
2026-06-04,101,51,1734
2026-06-05,101,51,1581
2026-06-06,101,51,1522
2026-06-07,101,51,1570
2026-06-08,101,51,1452
2026-06-09,103,49,1468
2026-06-10,103,49,1337
2026-06-11,103,49,1281
2026-06-12,103,49,1186
2026-06-13,131,43,1349
2026-06-14,131,43,1226
2026-06-15,131,43,1305
2026-06-16,131,43,1364
2026-06-17,131,43,1638
2026-06-18,131,43,1363
2026-06-19,131,43,1403
2026-06-20,131,43,2001
2026-06-21,131,43,1936
2026-06-22,131,43,1211
2026-06-23,131,43,1096
2026-06-24,131,43,1021
2026-06-25,131,43,961
2026-06-26,131,43,988
2026-06-27,131,43,1197
2026-06-28,131,43,1025
2026-06-29,131,43,1116
2026-06-30,131,43,994
2026-07-01,131,39,994
2026-07-02,131,39,1134
2026-07-03,131,39,893
2026-07-04,131,39,864
2026-07-05,131,39,980
2026-07-06,131,39,973
2026-07-07,131,39,948
2026-07-08,131,39,945
2026-07-09,131,39,1033
2026-07-10,131,39,1024